﻿<parameters>
  <parameter name="IIS Web Application Name" defaultValue="restservice" tags="IisApp">
    <parameterEntry kind="ProviderPath" scope="IisApp" match="^M:\\Lift\\Lift\\Lift\\trunk\\server\\RESTService\\RESTService\\RESTService\\obj\\Release\\Package\\PackageTmp$" />
    <parameterEntry kind="ProviderPath" scope="setAcl" match="^M:\\Lift\\Lift\\Lift\\trunk\\server\\RESTService\\RESTService\\RESTService\\obj\\Release\\Package\\PackageTmp$" />
  </parameter>
  <parameter name="AuthContext-Web.config Connection String" description="AuthContext Connection String used in web.config by the application to access the database." defaultValue="Data Source=108.7.56.117;Initial Catalog=SaintsCore;user id=sa;password=minab11289;" tags="SqlConnectionString">
    <parameterEntry kind="XmlFile" scope="M:\\Lift\\Lift\\Lift\\trunk\\server\\RESTService\\RESTService\\RESTService\\obj\\Release\\Package\\PackageTmp\\Web\.config$" match="/configuration/connectionStrings/add[@name='AuthContext']/@connectionString" />
  </parameter>
  <parameter name="CoreEntities-Web.config Connection String" description="CoreEntities Connection String used in web.config by the application to access the database." defaultValue="metadata=res://*/DataAccess.Model.csdl|res://*/DataAccess.Model.ssdl|res://*/DataAccess.Model.msl;provider=System.Data.SqlClient;provider connection string=&quot;data source=108.7.56.117;initial catalog=SaintsCore;user id=sa;password=minab11289;MultipleActiveResultSets=True;App=EntityFramework&quot;" tags="SqlConnectionString">
    <parameterEntry kind="XmlFile" scope="M:\\Lift\\Lift\\Lift\\trunk\\server\\RESTService\\RESTService\\RESTService\\obj\\Release\\Package\\PackageTmp\\Web\.config$" match="/configuration/connectionStrings/add[@name='CoreEntities']/@connectionString" />
  </parameter>
</parameters>